delivary_locations,drone_capacity,obstacles,Without_obstacles,Christofides,Christofides_newton,brut_force_distance,brut_force_Newton
15,5,13,48.35450164339196,62.06990695109173,60.669695232642844,52.09791286767969,51.65712538442165
15,5,13,58.07191289178414,60.7223511876453,60.63249463098314,59.21192671076105,59.14995561203052
15,5,13,47.26745985850704,54.28443879415046,50.94943274477299,48.50027343296028,48.75493022067033
15,5,13,43.93857018920249,46.359761411287,45.91318628128003,45.97337101016272,45.414230153354296
15,5,13,48.61305216881087,51.24424048988581,52.560551791641,50.10752900190482,51.3031447098118
15,5,13,46.80511859538416,53.60841367704537,51.81442724502836,50.89895541912133,50.85477248157145
15,5,13,57.77738066383794,59.49127174095896,58.72390390016789,59.49127174095896,58.72390390016789
